<menu>
    <menuitem label='_t{Administration}'>
        <icon>fas:sliders fa-fw red</icon>
        <menu>
              <menuitem label='Dashboard'>
                  <icon>fas:tachometer-alt fa-fw</icon>
                  <action>SystemAdministrationDashboard</action>
              </menuitem>
              <menuitem label='_t{Programs}'>
                  <icon>far:file-code fa-fw</icon>
                  <action>SystemProgramList</action>
              </menuitem>
              <menuitem label='_t{Groups}'>
                  <icon>fas:users fa-fw</icon>
                  <action>SystemGroupList</action>
              </menuitem>
              <menuitem label='_t{Units}'>
                  <icon>fas:university fa-fw</icon>
                  <action>SystemUnitList</action>
              </menuitem>
              <menuitem label='_t{Roles}'>
                  <icon>fas:user-tag fa-fw</icon>
                  <action>SystemRoleList</action>
              </menuitem>
              <menuitem label='_t{Users}'>
                  <icon>fas:user fa-fw</icon>
                  <action>SystemUserList</action>
              </menuitem>
              <menuitem label='_t{Page management}'>
                    <icon>fab:wikipedia-w fa-fw</icon>
                    <action>SystemWikiList</action>
              </menuitem>
              <menuitem label='_t{News management}'>
                    <icon>fas:pen-square fa-fw</icon>
                    <action>SystemPostList</action>
              </menuitem>
              <menuitem label='_t{Schedules}'>
                  <icon>fas:clock fa-fw</icon>
                  <action>SystemScheduleList#method=onReload</action>
              </menuitem>
              <menuitem label='_t{Preferences}'>
                  <icon>fas:cog fa-fw</icon>
                  <action>SystemPreferenceForm#method=onEdit</action>
              </menuitem>
        </menu>
    </menuitem>
    
    <menuitem label='Logs'>
        <icon>fas:desktop fa-fw</icon>
        <menu>
              <menuitem label='Dashboard'>
                  <icon>fas:tachometer-alt fa-fw</icon>
                  <action>SystemLogDashboard</action>
              </menuitem>
              <menuitem label='_t{Access Log}'>
                  <icon>fas:key fa-fw</icon>
                  <action>SystemAccessLogList</action>
              </menuitem>
              <menuitem label='_t{Change Log}'>
                  <icon>fas:film fa-fw</icon>
                  <action>SystemChangeLogView</action>
              </menuitem>
              <menuitem label='_t{SQL Log}'>
                  <icon>fas:database fa-fw</icon>
                  <action>SystemSqlLogList</action>
              </menuitem>
              <menuitem label='_t{Request Log}'>
                  <icon>fas:globe fa-fw</icon>
                  <action>SystemRequestLogList</action>
              </menuitem>
              <menuitem label='_t{Schedules}'>
                  <icon>fas:clock fa-fw</icon>
                  <action>SystemScheduleLogList</action>
              </menuitem>
              <menuitem label='_t{PHP Log}'>
                  <icon>fas:exclamation-triangle fa-fw</icon>
                  <action>SystemPHPErrorLogView</action>
              </menuitem>
              <menuitem label='Session vars'>
                  <icon>fas:code fa-fw</icon>
                  <action>SystemSessionVarsView</action>
              </menuitem>
        </menu>
    </menuitem>

    <menuitem label='Cadastros'>
        <icon>fa:user-tie white</icon>
        <menu>
            <menuitem label='Categorias'>
                <icon>fa:list-ol</icon>
                <menu>
                    <menuitem label='Despesas'>
                        <icon>fa:money-bills red</icon>
                        <action>CategoriaLista</action>
                    </menuitem>
                    <menuitem label='Receitas'>
                        <icon>fa:money-bill-trend-up green</icon>
                        <action>CategoriaReceitaLista</action>
                    </menuitem>
                </menu>
            </menuitem>
            <menuitem label='Bancos'>
                  <icon>fas:building-columns</icon>
                  <action>BancoLista</action>
            </menuitem>
        </menu>
    </menuitem>

    <menuitem label='Dashboards'>
        <icon>fa:chart-simple orange</icon>
        <menu>
            <menuitem label='Receitas X Despesas'>
                <icon>fa:money-bill-transfer</icon>
                <action>DashboardReceitaDespesas</action>
            </menuitem>
        </menu>
    </menuitem>
        
    <menuitem label='Lançamentos'>
        <icon>fa:dollar-sign green</icon>
        <menu>
            <menuitem label='Despesas'>
                <icon>fa:money-check-dollar red</icon>
                <action>DespesasLista</action>
            </menuitem>
            <menuitem label='Receitas'>
                <icon>fa:money-bill-trend-up green</icon>
                <action>ReceitasLista</action>
            </menuitem>
        </menu>
    </menuitem>
    
    <menuitem label='Logout'>
        <action>LoginForm#method=onLogout#static=1</action>
        <icon>fas:sign-out-alt fa-fw</icon>
    </menuitem>
</menu>
